{
  "project_info": {
    "project_number": "576708306940",
    "project_id": "mustadam-42e0d",
    "storage_bucket": "mustadam-42e0d.firebasestorage.app"
  },
  "client": [
    {
      "client_info": {
        "mobilesdk_app_id": "1:576708306940:android:ad8bbffc48baf2dd5db479",
        "android_client_info": {
          "package_name": "com.example.mustadam"
        }
      },
      "oauth_client": [],
      "api_key": [
        {
          "current_key": "AIzaSyCQXU4Ka4XNCocTvEwss2NxfP_8Hfy0vzA"
        }
      ],
      "services": {
        "appinvite_service": {
          "other_platform_oauth_client": []
        }
      }
    }
  ],
  "configuration_version": "1"
}